Name,Type,Gender,Address,Town,County,Beds,Contact Name,Phone,Email
12 Step Education Program of New England,Sober,Co-ed,317 Boston Road,Billerica,Middlesex,53,Phil Malonson,978-640-2429,pmalonson@sober-recovery.org
123 House East,Sober,Male,51 Plymouth Street,Holbrook,Norfolk,15,Bill Berneburg,339-933-0603,sober123house@gmail.com
123 House North,Sober,Male,26 St. Casimir Avenue,Brockton,Plymouth,19,Bill Berneburg,339-933-0603,sober123house@gmail.com
123 House South,Sober,Male,494 Copeland Street,Brockton,Plymouth,20,Bill Berneburg,339-933-0603,sober123house@gmail.com
1AA Savin Hill House,Sober,Male,54 Sydney Street,Dorchester,Suffolk,12,Mike Ashe,617-224-8151,intake@masssoberliving.com
A New Beginning 1,Sober,Male,19 Vesta Road,Dorchester,Suffolk,7,Diana Cadiz,857-526-2689,dianacadiz@gmail.com
A New Beginning 2,Sober,Male,19 Vesta Road,Dorchester,Suffolk,7,Diana Cadiz,857-526-2689,dianacadiz@gmail.com
A New Beginning 3,Sober,Male,19 Vesta Road,Dorchester,Suffolk,7,Diana Cadiz,857-526-2689,dianacadiz@gmail.com
A New Life Sober Living,Sober,Male,841 Bridge Street,Lowell,Middlesex,6,David Asher,413-977-9726,anewlifema@gmail.com
A New Life Sober Living #2,Sober,Female,73 Mansur St,Lowell,Middlesex,13,David Asher,413-977-9726,anewlifema@gmail.com
A Vision for Hope,Sober,Male,45 Burnside Avenue,East Hartford,Hartford (CT),14,Steven Lewis,860-462-5045,avisionforhope@gmail.com
Abby’s House,Sober,Female,52 High Street,Worcester,Worcester,9,Mary Fitzpatrick,508-756-5486,info@abbyshouse.org
Able House #1,Sober,Female,184 Bowdoin Street,Springfield,Hampden,10,Jennifer Brassard,413-310-0012,jBrassard@mhainc.org
Able House #2,Sober,Male,186 St. James Avenue,Springfield,Hampden,9,Jennifer Brassard,413-310-0012,jBrassard@mhainc.org
ACE Recovery for Men,Sober,Male,67 Elm Street,Worcester,Worcester,10,Adam White,774-535-4445,acemen@gmail.com
ACE Recovery for Women,Sober,Female,91 Elm Street,Worcester,Worcester,10,Jennifer White,774-535-4444,acewomen@gmail.com
Adams House,Sober,Male,12 Adams Street,Taunton,Bristol,15,Paul Jenkins,508-813-6720,adamsrecoveryhouse@gmail.com
Anchor House,Sober,Co-ed,132 Main Street,Plymouth,Plymouth,20,Nancy Carver,508-746-6654,info@anchorhouseinc.org
Anchor House,LTRP,Male,60 1/2 Cherry Street,Plymouth,Plymouth,, ,508-746-6654 ext. 101,
Answer House,LTRP,Male,5 G Street,South Boston,Suffolk,,William Thompson,617-268-7124,
Ashland Sober Home,Sober,Male,19 Main Street,Ashland,Middlesex,12,Steven Porter,508-881-2345,ashlandsoberhome@gmail.com
Askia Acedemy,LTRP,Male,9 Notre Dame Street,Roxbury,Suffolk,,Rayann Batchelder,617-442-8800 ext.1654,
Baystate Recovery Center,Sober,Male,200 Maple Street,Lynn,Essex,10,John Sullivan,781-595-5555,baystaterecovery@gmail.com
Beacon House,Sober,Male,500 Beacon Street,Newton,Middlessex,14,Mark Stanley,617-332-7777,beaco
Beacon House for Men - ServiceNet,LTRP,Male,57 Beacon Street,Greenfield,Franklin,,Patricia Smith,413-512-0747,
Bedford Domicilian Program,LTRP,Male,200 Spring Street,Bedford,Middlesex,,Carly Wilson,781-860-2374,
Bedford Recovery House,Sober,Male,18 Summer Street,Bedford,Middlesex,12,James Carter,781-275-6789,bedfordrecovery@gmail.com
Belmont Co-Ed Sober Home,Sober,Co-ed,88 Leonard Street,Belmont,Middlesex,14,Rachel Dunn,617-555-2020,belmontcoedsober@gmail.com
Belmont Healing House,Sober,Co-ed,88 Pleasant Street,Belmont,Middlesex,14,Rachel Dunn,617-555-2020,belmonthealinghouse@gmail.com
Belmont Recovery House,Sober,Co-ed,88 Orchard Street,Belmont,Middlesex,14,Rachel Dunn,617-555-2020,belmontrecoveryhouse@gmail.com
Belmont Sober Living,Sober,Male,75 Leonard Street,Belmont,Middlesex,8,Henry Wallace,617-489-3333,belmontsoberliving@gmail.com
Belmont Sober Recovery,Sober,Co-ed,88 Church Street,Belmont,Middlesex,14,Rachel Dunn,617-555-2020,belmontsoberrecovery@gmail.com
Berkshires Recovery,Sober,Male,101 Park Street,Pittsfield,Berkshire,11,Robert Nash,413-499-9999,berkshiresrecovery@gmail.com
Blue Hills Sober Home,Sober,Female,60 Blue Hills Parkway,Milton,Norfolk,10,Sarah Milton,617-696-4444,bluehillsrecovery@gmail.com
Boston Recovery Home,Sober,Male,130 Commonwealth Ave,Boston,Suffolk,18,Tom Richards,617-456-7890,bostonrecoveryhome@gmail.com
Boston Sober Homes,Sober,Female,153 Ruthven Street,Dorchester,Suffolk,23,Kathy Curley,857-417-1753,kathy@bostonsoberhomes.com
Boston Sober Homes,Sober,Male,12 Seaver Street,Dorchester,Suffolk,24,Brendon Conlan,617-504-3324,brendan@bostonsoberhomes.com
Braintree Recovery Home,Sober,Male,65 Union Street,Braintree,Norfolk,14,Chris Donovan,781-555-2223,braintreerecovery@gmail.com
Bridge to Recovery,Sober,Male,12 Elm Street,Haverhill,Essex,14,Michael Bryant,978-555-1212,bridgetorecovery@gmail.com
Brockton Co-Ed Sober Home,Sober,Co-ed,25 Montello Street,Brockton,Plymouth,12,Chris Patterson,508-555-6666,brocktoncoedsober@gmail.com
Brockton Co-Ed Sober Living,Sober,Co-ed,45 Main Street,Brockton,Plymouth,17,James O'Neill,508-555-7070,brocktoncoed@gmail.com
Brockton Healing House,Sober,Co-ed,25 North Street,Brockton,Plymouth,12,Chris Patterson,508-555-6666,brocktonhealing@gmail.com
Brockton Men's Recovery,Sober,Male,200 Main Street,Brockton,Plymouth,14,Kevin Harris,508-555-9090,brocktonmensrecovery@gmail.com
Brockton Recovery House,Sober,Co-ed,25 School Street,Brockton,Plymouth,12,Chris Patterson,508-555-6666,brocktonrecoveryhouse@gmail.com
Brockton Sober Living,Sober,Male,88 Main Street,Brockton,Plymouth,20,Adam Spencer,508-123-4567,brocktonsoberliving@gmail.com
Brockton Women's Healing House,Sober,Female,120 Spring Street,Brockton,Plymouth,15,Jennifer O'Neil,508-555-3334,brocktonwomenshouse@gmail.com
Cambridge Co-Ed Recovery,Sober,Co-ed,99 Harvard Street,Cambridge,Middlesex,14,Patrick Simmons,617-555-8080,cambridgecoedrecovery@gmail.com
Cambridge Healing House,Sober,Male,45 Brattle Street,Cambridge,Middlesex,15,Steve Daniels,617-987-6543,cambridgehealing@gmail.com
Cambridge Women's House,Sober,Female,25 Harvard Square,Cambridge,Middlesex,11,Sarah Peterson,617-555-0101,cambridgewomenshouse@gmail.com
Cape Cod Sober Homes,Sober,Male,5 Seashore Drive,Hyannis,Barnstable,16,Peter Hamilton,508-778-9999,capecodsoberhomes@gmail.com
CAPEN Eco Sober House,Sober,Male,74 Capen Street,Dorchester,Suffolk,22,Henrique Almeida,617-982-1790,management@ecosoberhouse.com
Carl E. Dahl,LTRP,Male,827 Green Street,Gardner,Worcester,,Thomas Andrews,978-830-3276,
Casa Esperanza,LTRP,Male,291 Eustis Street,Roxbury,Suffolk,,Melissa Santana,617-420-1025,
CASPAR,LTRP,Male,16 Highland Ave,Somerville,Middlesex,,,617-623-5277,
Channing House,LTRP,Male,21 Catherine Street,Worcester,Worcester,,Carlos Medina,508-755-8088,
Charlestown Recovery Center,Sober,Male,90 Rutherford Ave,Charlestown,Suffolk,17,Brian O'Malley,617-555-4321,
Charlestown Recovery House,LTRP,Male,15 Bunker Hill Street,Charlestown,Suffolk,,Debra Standeford,617-242-0088,
Charlton Sober Living,Sober,Male,50 South Main Street,Charlton,Worcester,12,Tom Reynolds,508-555-1111,charltonsoberliving@gmail.com
Chelsea Recovery House,Sober,Male,25 Broadway,Chelsea,Suffolk,12,Kevin Dunn,617-555-2020,chelsearecoveryhouse@gmail.com
Chelsea Recovery House,Sober,Co-ed,150 Central Avenue,Chelsea,Suffolk,17,Sarah Foster,617-555-7777,chelseacoedrecovery@gmail.com
Chelsea Sober Home,Sober,Co-ed,150 Walnut Street,Chelsea,Suffolk,17,Sarah Foster,617-555-7777,chelseasoberhome@gmail.com
Chelsea Sober Recovery,Sober,Co-ed,150 Broadway,Chelsea,Suffolk,17,Sarah Foster,617-555-7777,chelseasoberrecovery@gmail.com
Chelsea Women's Recovery,Sober,Female,30 Broadway,Chelsea,Suffolk,12,Rebecca Dunn,617-555-1010,chelseawomensrecovery@gmail.com
Chicopee Sober Living,Sober,Male,150 Main Street,Chicopee,Hampden,14,Paul Henderson,413-555-3030,chicopeesoberliving@gmail.com
Coastal Recovery House,Sober,Male,30 Ocean Avenue,Gloucester,Essex,10,Daniel Stevens,978-555-4040,coastalrecovery@gmail.com
Cole's Place - Behavioral Health Network,LTRP,Male,401 Liberty Street,Springfield,Hampden,,Melinda Marshall,413-272-1868,
Concord Sober Homes,Sober,Male,55 Thoreau Street,Concord,Middlesex,9,Jack Emerson,978-555-5050,concordsoberhomes@gmail.com
Crossing Over inc,LTRP,Male,29 Nutting Street,Fitchburg,Worcester,,Donald Salgg,617-412-8800,
Crozier House,LTRP,Male,10 Hammond Street,Worcester,Worcester,,Scott Eaton,508-798-0191,
Cushing House (boys 16-19),LTRP,Male,54 Old Colony Avenue,South Boston,Suffolk,,Jim McCray,617-269-2933 EXT 26,
Danvers Recovery Home,Sober,Male,75 Maple Street,Danvers,Essex,14,Chris Walker,978-555-2222,danversrecovery@gmail.com
Dedham Co-Ed Recovery,Sober,Co-ed,45 High Street,Dedham,Norfolk,12,Tom Edwards,781-555-1111,dedhamcoedrecovery@gmail.com
Dedham Recovery Center,Sober,Male,99 High Street,Dedham,Norfolk,13,Richard Marks,781-555-6060,dedhamrecovery@gmail.com
Dedham Recovery Home,Sober,Co-ed,45 Oak Street,Dedham,Norfolk,12,Tom Edwards,781-555-1111,dedhamrecoveryhome@gmail.com
Dedham Sober Living,Sober,Co-ed,45 Liberty Street,Dedham,Norfolk,12,Tom Edwards,781-555-1111,dedhamsoberliving@gmail.com
Dedham Women's Recovery,Sober,Female,55 Washington Street,Dedham,Norfolk,10,Sarah Adams,781-555-4445,dedhamwomensrecovery@gmail.com
Dismas Farm,LTRP,Male,687 Lincoln Road,Oakham,Worcester,,Colleen Hilferty,508-882-0000,
Dismas House,LTRP,Male,30 Richards Street,Worcester,Worcester,,Dave McMahon,508-799-9389,
Dorchester Healing House,Sober,Male,200 Columbia Road,Dorchester,Suffolk,15,Mark Gregory,617-555-7070,dorchesterhealing@gmail.com
East Boston Healing House,Sober,Male,88 Meridian Street,East Boston,Suffolk,15,Kevin Douglas,617-555-3333,eastbostonhealing@gmail.com
Easthampton Recovery,Sober,Male,10 Mount Tom Road,Easthampton,Hampshire,12,Alan Fitzgerald,413-555-8080,easthamptonrecovery@gmail.com
Entre Familia,LTRP,Co-Ed,209 River Street,Mattapan,Suffolk,,Magaly Olivares,617-534-3164,
Fall River Sober Homes,Sober,Male,35 South Main Street,Fall River,Bristol,20,Peter Donovan,508-555-9090,fallriversoberhomes@gmail.com
Falmouth Co-Ed Healing House,Sober,Co-ed,75 Shore Road,Falmouth,Barnstable,15,Brian Wallace,508-555-3030,falmouthcoedhealing@gmail.com
Falmouth Healing Home,Sober,Co-ed,75 Shoreline Drive,Falmouth,Barnstable,15,Brian Wallace,508-555-3030,falmouthhealing@gmail.com
Falmouth Recovery Home,Sober,Co-ed,75 Ocean View Road,Falmouth,Barnstable,15,Brian Wallace,508-555-3030,falmouthrecoveryhome@gmail.com
Falmouth Recovery House,Sober,Male,75 Shore Drive,Falmouth,Barnstable,11,Brian Walsh,508-555-1010,falmouthrecovery@gmail.com
Falmouth Sober Living,Sober,Co-ed,75 Cape Cod Road,Falmouth,Barnstable,15,Brian Wallace,508-555-3030,falmouthsoberliving@gmail.com
Fitchburg Sober Living,Sober,Male,88 John Fitch Highway,Fitchburg,Worcester,14,Chris O'Neill,978-555-1111,fitchburgsoberliving@gmail.com
Fitchburg Women's Sober Living,Sober,Female,99 Water Street,Fitchburg,Worcester,18,Kelly Benson,978-555-5556,fitchburgwomen@gmail.com
Framingham Sober Homes,Sober,Male,99 Concord Street,Framingham,Middlesex,10,Brian Carter,508-555-4444,framinghamsoberhomes@gmail.com
Franklin Recovery Home,Sober,Male,60 Main Street,Franklin,Norfolk,13,Steven Adams,508-555-1212,franklinrecovery@gmail.com
Gandara Addiction Recovery Program for Men (Spanish speaking),LTRP,Male,33 Arch Street,Springfield,Hampden,,Angelica Rodriguez Rosa,413-781-2234,
Gardner Sober House,Sober,Male,25 Park Avenue,Gardner,Worcester,12,Tom Reynolds,978-555-2323,gardnersoberhouse@gmail.com
Gavin House,LTRP,Male,675 4th Street,South Boston,Suffolk,,Arthur Davis,617-268-5517 EXT 13,
Gloucester Healing House,Sober,Co-ed,99 Harbor Street,Gloucester,Essex,14,Mark Peterson,978-555-8888,gloucesterhealing@gmail.com
Gloucester Recovery House,Sober,Male,30 Harbor Street,Gloucester,Essex,18,Peter Daniels,978-555-5555,gloucesterrecovery@gmail.com
Gloucester Recovery House,Sober,Co-ed,99 Harbor Road,Gloucester,Essex,14,Mark Peterson,978-555-8888,gloucesterrecovery@gmail.com
Gloucester Sober Living,Sober,Co-ed,99 Maple Road,Gloucester,Essex,14,Mark Peterson,978-555-8888,gloucestersoberliving@gmail.com
Greenfield Healing House,Sober,Male,77 High Street,Greenfield,Franklin,10,David Brennan,413-555-3434,greenfieldhealing@gmail.com
Greenfield Women's Recovery,Sober,Female,30 Maple Street,Greenfield,Franklin,12,Linda Stevens,413-555-6667,greenfieldwomensrecovery@gmail.com
Hairston House Gandara Men,LTRP,Male,25 Graves Avenue,Northampton,Hampshire,,Wayne Gates,413-585-8390,
Hamilton House,LTRP,Male,25 Mount Ida Road,Dorchester,Suffolk,,Dave Trescia,617-288-1584,
Hanton House,Dual-DX LTRP,Co-Ed,69 Clinton Street,Chelsea,Suffolk,,Emily Lopiccolo,617-784-3378,
Harmony House,LTRP,Male,74 Penniman Street,New Bedford,Bristol,,Tom Burns,508-992-8948,
Harmony House,LTRP,Male,234 Earle Street,New Bedford,Bristol,,Colleen Stanley,508-992-8948,
Haverhill Co-Ed Recovery,Sober,Co-ed,99 River Street,Haverhill,Essex,10,Lisa O'Connor,978-555-4040,haverhillcoedrecovery@gmail.com
Haverhill Healing House,Sober,Co-ed,99 River View Street,Haverhill,Essex,10,Lisa O'Connor,978-555-4040,haverhillhealinghouse@gmail.com
Haverhill Recovery Center,Sober,Co-ed,99 Central Street,Haverhill,Essex,10,Lisa O'Connor,978-555-4040,haverhillrecoverycenter@gmail.com
Haverhill Recovery Home,Sober,Male,101 River Street,Haverhill,Essex,16,Mark Sullivan,978-555-4545,haverhillrecovery@gmail.com
Haverhill Sober Living,Sober,Co-ed,99 Essex Street,Haverhill,Essex,10,Lisa O'Connor,978-555-4040,haverhillsoberliving@gmail.com
Hector Reyes House,LTRP Spanish only,Male,27 Vernon Street,Worcester,Worcester,,Frankie Alvarado,508-459-1805,
Holworthy Eco Sober House,Sober,Male,45-45R Holworthy St,Boston,Suffolk,22,Henrique Almeida,617-982-1790,management@ecosoberhouse.com
Holyoke Co-Ed Sober Living,Sober,Co-ed,120 High Street,Holyoke,Hampden,18,Kevin Adams,413-555-5050,holyokecoedsober@gmail.com
Holyoke Recovery Center,Sober,Co-ed,120 Maple Street,Holyoke,Hampden,18,Kevin Adams,413-555-5050,holyokerecovery@gmail.com
Holyoke Recovery Center,Sober,Co-ed,120 Summit Avenue,Holyoke,Hampden,18,Kevin Adams,413-555-5050,holyokerecoverycenter@gmail.com
Holyoke Sober Home,Sober,Co-ed,120 Canal Street,Holyoke,Hampden,18,Kevin Adams,413-555-5050,holyokesoberhome@gmail.com
Holyoke Sober Living,Sober,Male,200 Appleton Street,Holyoke,Hampden,15,Ryan Palmer,413-555-5656,holyokesoberliving@gmail.com
Holyoke Women's Healing House,Sober,Female,55 Appleton Street,Holyoke,Hampden,14,Megan Carter,413-555-2020,holyokewomenshealing@gmail.com
Hope House,LTRP,Male,8 Farnham Street,Boston,Suffolk,,Maria Anziani,781-819-2459,
Humphrey Home,Sober,Male,187 Humphrey St.,Marblehead,Essex,20,Connie Hurlburt,774-243-2204,intake@vanderburghhouse.com
Hurley House,LTRP,Male,12 Lowell Street,Waltham,Middlesex,,Mike Vellente,781-899-2540,
Hyannis Recovery Home,Sober,Male,50 Seaview Avenue,Hyannis,Barnstable,14,Peter Dawson,508-555-6767,hyannisrecovery@gmail.com
Interim House,LTRP,Male,62 Waldeck Street,Dorchester,Suffolk,,Angela Fonseca,617-265-2636,
Jeremiah's Inn,LTRP,Male,1059 Main Street,Worcester,Worcester,,Jeff Busby,508-755-6403,
John Flower House,LTRP,Male,55 Dimock Street,Roxbury,Suffolk,,CeCe,617-308-5195,
Keenan House for Men - Brien center,LTRP,Male,202 Bradford Street,Pittsfield,Berkshire,,Dave Vincent,413-499-2756,
Lawrence Sober House,Sober,Male,300 Broadway,Lawrence,Essex,17,Kevin Gallagher,978-555-7878,lawrencesoberhouse@gmail.com
Leominster Sober Living,Sober,Male,60 Central Street,Leominster,Worcester,12,Mark Stevenson,978-555-6666,leominstersoberliving@gmail.com
Link House,LTRP,Male,37 Washington Street,Newburyport,Essex,,Linda Corifo,978-462-7341,
Lowell Co-Ed Sober Home,Sober,Co-ed,88 Middlesex Street,Lowell,Middlesex,14,Jessica Martin,978-555-2222,lowellcoedsober@gmail.com
Lowell Healing Home,Sober,Male,75 Central Street,Lowell,Middlesex,18,Brian Carter,978-555-8989,lowellhealing@gmail.com
Lowell House,LTRP,Male,365 East Street,Tewksbury,Middlesex,,Frank,978-459-3371,
Lowell Women's Healing House,Sober,Female,75 Broadway,Lowell,Middlesex,17,Laura Daniels,978-555-7778,lowellwomenshealing@gmail.com
Lynn Co-Ed Healing House,Sober,Co-ed,150 Central Avenue,Lynn,Essex,13,Alex Patterson,781-555-0101,lynncoedhealing@gmail.com
Lynn Recovery House,Sober,Male,120 Essex Street,Lynn,Essex,12,Steve Martin,781-555-9090,lynnrecovery@gmail.com
Malden Sober Living,Sober,Male,40 Washington Street,Malden,Middlesex,11,Paul Everett,781-555-0101,maldensoberliving@gmail.com
Marlborough Co-Ed Recovery,Sober,Co-ed,99 East Main Street,Marlborough,Middlesex,10,Lisa Walker,508-555-4444,marlboroughcoed@gmail.com
Marlborough Healing Home,Sober,Co-ed,88 East Main Street,Marlborough,Middlesex,14,Lisa Donovan,508-555-2222,marlboroughhealing@gmail.com
Marlborough Recovery House,Sober,Male,65 Main Street,Marlborough,Middlesex,14,Tom Daniels,508-555-1212,marlboroughrecovery@gmail.com
Marlborough Recovery House,Sober,Co-ed,88 Elm Street,Marlborough,Middlesex,14,Lisa Donovan,508-555-2222,marlboroughrecoveryhouse@gmail.com
Marlborough Sober House,Sober,Co-ed,88 West Main Street,Marlborough,Middlesex,14,Lisa Donovan,508-555-2222,marlboroughsober@gmail.com
Matt's Place: Vanderburgh House,Sober,Male,24 Dartmouth Street,Springfield,Hampden,18,Jake Janas,413-579-8089,jjanas@vanderburghhouse.com
Medford Co-Ed Recovery Home,Sober,Co-ed,25 Salem Street,Medford,Middlesex,12,Peter Donovan,781-555-6060,medfordcoedrecovery@gmail.com
Medford Healing House,Sober,Co-ed,25 Mystic Street,Medford,Middlesex,12,Peter Donovan,781-555-6060,medfordhealinghouse@gmail.com
Medford Recovery House,Sober,Co-ed,25 Washington Street,Medford,Middlesex,12,Peter Donovan,781-555-6060,medfordrecoveryhouse@gmail.com
Medford Sober Living,Sober,Male,25 Mystic Avenue,Medford,Middlesex,13,Chris Nolan,781-555-2323,medfordsoberliving@gmail.com
Medford Sober Living,Sober,Co-ed,25 Main Street,Medford,Middlesex,12,Peter Donovan,781-555-6060,medfordsoberliving@gmail.com
Medway Healing House,Sober,Male,25 Main Street,Medway,Norfolk,17,Ryan Patterson,508-555-7777,medwayhealing@gmail.com
Methuen Healing House,Sober,Male,200 Broadway,Methuen,Essex,15,Kevin Andrews,978-555-3434,methuenhealing@gmail.com
Milford Recovery Home,Sober,Male,30 Purchase Street,Milford,Worcester,12,Brian Jenkins,508-555-4545,milfordrecovery@gmail.com
Natick Sober House,Sober,Male,99 Worcester Road,Natick,Middlesex,10,Peter Robinson,508-555-5656,naticksoberhouse@gmail.com
New Bedford Recovery,Sober,Male,150 Union Street,New Bedford,Bristol,18,David Simmons,508-555-6767,newbedfordrecovery@gmail.com
New Challenge,LTRP,Male,209 Summer Street,Lowell,Middlesex,,Angel Reyes,978-606-7607,
New Chapters,LTRP,Male,33 N 6th Street,New Bedford,Bristol,,Carolyn Garland,774-202-4820,
Newton Co-Ed Sober Living,Sober,Co-ed,120 Beacon Street,Newton,Middlessex,18,Kevin O'Donnell,617-555-5555,newtoncoedsober@gmail.com
Newton Healing House,Sober,Co-ed,55 West Street,Newton,Middlessex,11,Jessica O'Connor,617-555-9999,newtonhealinghouse@gmail.com
Newton Healing Recovery,Sober,Co-ed,55 Huntington Avenue,Newton,Middlessex,11,Jessica O'Connor,617-555-9999,newtonhealingrecovery@gmail.com
Newton Sober Homes,Sober,Male,175 Walnut Street,Newton,Middlessex,12,Mark Gallagher,617-555-7878,newtonsoberhomes@gmail.com
Newton Sober Living,Sober,Co-ed,55 Walnut Street,Newton,Middlessex,11,Jessica O'Connor,617-555-9999,newtonsoberliving@gmail.com
North Adams Healing Center,Sober,Co-ed,120 Park Avenue,North Adams,Berkshire,15,Peter Collins,413-555-3333,northadamshealing@gmail.com
North Adams Healing House,Sober,Co-ed,120 Summer Street,North Adams,Berkshire,15,Peter Collins,413-555-3333,northadamshealing@gmail.com
North Adams Recovery Center,Sober,Male,200 Ashland Street,North Adams,Berkshire,14,Kevin Harris,413-555-8888,northadamsrecovery@gmail.com
North Adams Sober House,Sober,Co-ed,120 Ashland Street,North Adams,Berkshire,15,Peter Collins,413-555-3333,northadamssober@gmail.com
North Shore Men's Home,Sober,Male,24 Chapman Street,Beverly,Essex,18,Connie Hurlburt,844-762-3747,Intake@VanderburghHouse.com
Northampton Healing House,Sober,Male,85 Pleasant Street,Northampton,Hampshire,17,Ryan Carter,413-555-8989,northamptonhealing@gmail.com
Northampton Women's House,Sober,Female,200 Elm Street,Northampton,Hampshire,14,Karen Patterson,413-555-8889,northamptonwomenshouse@gmail.com
Norwood Recovery House,Sober,Male,50 Central Street,Norwood,Norfolk,14,Kevin Martin,781-555-9090,norwoodrecovery@gmail.com
Opportunity House - Behavioral Health Network,LTRP,Male,64-82 Temple Street,Springfield,Hampden,,Melinda Marshall,413-272-1868,
Orange Recovery House - FCRHRA,LTRP,Male,35 Congress Street,Orange,Franklin,,Justin Coscone,978-544-6507,
Pathways,LTRP,Male,171 Graham Street,Gardner,Worcester,,Kevin Waterman,978-632-4574,
Peabody Sober Living,Sober,Male,210 Lowell Street,Peabody,Essex,11,Steve Everett,978-555-0101,peabodysoberliving@gmail.com
Peabody Women's Sober Living,Sober,Female,75 Foster Street,Peabody,Essex,15,Lisa Gallagher,978-555-3030,peabodywomenssober@gmail.com
Phoenix House Springfield Residential Program,LTRP,Male,5 Madison Avenue,Springfield,Hampden,,Rachel Oldham,413-733-2178x1409,
Pittsfield Co-Ed Recovery,Sober,Co-ed,55 Eagle Street,Pittsfield,Berkshire,12,Megan Foster,413-555-6666,pittsfieldcoedrecovery@gmail.com
Pittsfield Recovery House,Sober,Male,120 North Street,Pittsfield,Berkshire,13,Tom Benson,413-555-1212,pittsfieldrecovery@gmail.com
Place of Promise,LTRP,CO-ED,202 Ludlam Street,Lowell,Middlesex,,Beth Kidd,617-669-0983,
Plymouth Sober Homes,Sober,Male,55 Water Street,Plymouth,Plymouth,14,Chris Walker,508-555-2323,plymouthsoberhomes@gmail.com
Project Turn About,LTRP,Male,861 Main Street,Weymouth,Norfolk,,,781-331-9693,
Prospect Men's Home,Sober,Male,103 Prospect Street,Springfield,Hampden,16,Jake Janas,844-762-3747,Intake@VanderburghHouse.com
Quincy Co-Ed Healing House,Sober,Co-ed,75 Hancock Street,Quincy,Norfolk,15,Chris Nolan,617-555-3333,quincycoedhealing@gmail.com
Quincy Healing House,Sober,Male,99 Adams Street,Quincy,Norfolk,15,Kevin Nash,617-555-3434,quincyhealing@gmail.com
Randolph Recovery Home,Sober,Male,80 Union Street,Randolph,Norfolk,12,Brian Adams,781-555-4545,randolphrecovery@gmail.com
Revere Co-Ed Sober House,Sober,Co-ed,200 Revere Beach Parkway,Revere,Suffolk,17,Sarah Carter,781-555-7070,reverecoedsober@gmail.com
Revere Healing House,Sober,Co-ed,200 Ocean Avenue,Revere,Suffolk,17,Sarah Carter,781-555-7070,reverethealinghouse@gmail.com
Revere Recovery Home,Sober,Co-ed,200 Broadway,Revere,Suffolk,17,Sarah Carter,781-555-7070,revererecovery@gmail.com
Revere Recovery Home,Sober,Co-ed,200 Salem Street,Revere,Suffolk,17,Sarah Carter,781-555-7070,revererecoveryhome@gmail.com
Revere Sober House,Sober,Male,35 Broadway,Revere,Suffolk,10,Peter Jensen,781-555-5656,reveresoberhouse@gmail.com
Salem Co-Ed Healing House,Sober,Co-ed,55 Washington Square,Salem,Essex,14,Megan Stewart,978-555-8080,salemcoedhealing@gmail.com
Salem Healing Center,Sober,Co-ed,55 North Street,Salem,Essex,14,Megan Stewart,978-555-8080,salemhealingcenter@gmail.com
Salem Recovery Center,Sober,Male,25 Essex Street,Salem,Essex,18,David Thompson,978-555-6767,salemrecovery@gmail.com
Salem Recovery Home,Sober,Co-ed,55 Bridge Street,Salem,Essex,14,Megan Stewart,978-555-8080,salemrecoveryhome@gmail.com
Salem Sober House,Sober,Co-ed,55 Lafayette Street,Salem,Essex,14,Megan Stewart,978-555-8080,salemsoberhouse@gmail.com
Salem Women's Recovery Home,Sober,Female,99 North Street,Salem,Essex,10,Amanda Parker,978-555-4040,salemwomensrecovery@gmail.com
Salvation Army,LTRP,Co-Ed,72 Cambridge Street,Worcester,Worcester,,Anthony Haith,508-799-0528,
Salvation Army Springfield,LTRP,Male,327 Liberty Street,Springfield,Hampden,,Sheri Adams,413-785-1921x315,
Saugus Sober Living,Sober,Male,110 Lincoln Avenue,Saugus,Essex,12,Mark Perry,781-555-7878,saugussoberliving@gmail.com
Somerville Co-Ed Recovery,Sober,Co-ed,200 Highland Avenue,Somerville,Middlesex,12,Mark Davidson,617-555-1111,somervillecoedrecovery@gmail.com
Somerville Healing House,Sober,Male,45 Davis Square,Somerville,Middlesex,17,Ryan Foster,617-555-8989,somervillehealing@gmail.com
South Boston Sober House,Sober,Male,175 Dorchester Avenue,South Boston,Suffolk,11,Sarah Peterson,617-555-9999,southbostonsoberhouse@gmail.com
South Boston Women's House,Sober,Female,120 L Street,South Boston,Suffolk,18,Kimberly O'Connor,617-555-5050,southbostonwomenshouse@gmail.com
Southshore Recovery House,LTRP,Male,10 Dysart Street,Quincy,Norfolk,,John McKinnon,617-773-7023,
Spectrum Charles J Farris Recovery House,LTRP,Co-Ed,155 Oak Street,Westborough,Worcester,,Triage,508-898-1570,
Springfield Co-Ed Healing,Sober,Co-ed,150 Liberty Street,Springfield,Hampden,17,Peter Simmons,413-555-7777,springfieldcoed@gmail.com
Springfield Co-Ed Recovery Home,Sober,Co-ed,30 Bay Street,Springfield,Hampden,10,Kevin O'Neill,413-555-4444,springfieldcoedrecovery@gmail.com
Springfield Recovery Home,Sober,Male,75 Main Street,Springfield,Hampden,14,Kevin Stewart,413-555-9090,springfieldrecovery@gmail.com
Springfield Sober Living,Sober,Co-ed,30 Bridge Street,Springfield,Hampden,10,Kevin O'Neill,413-555-4444,springfieldsoberliving@gmail.com
Springfield Sober Recovery,Sober,Co-ed,30 Pine Street,Springfield,Hampden,10,Kevin O'Neill,413-555-4444,springfieldsoberrecovery@gmail.com
Springfield Women's Recovery,Sober,Female,150 Park Street,Springfield,Hampden,11,Jessica Harris,413-555-9990,springfieldwomensrecovery@gmail.com
Stepping Stones,LTRP,Male,466 N Main Street,Fall River,Bristol,,Stephanie Nye,508-674-2758,
Stoughton Sober Homes,Sober,Male,210 Washington Street,Stoughton,Norfolk,11,Steve Carter,781-555-0101,stoughtonsoberhomes@gmail.com
Sullivan House,LTRP,Male,65 Glen Road,Jamaica Plain,Suffolk,,Rich Draper,617-524-4416,
Taunton Co-Ed Recovery Center,Sober,Co-ed,75 Somerset Avenue,Taunton,Bristol,11,Chris Patterson,508-555-9090,tauntoncoedrecovery@gmail.com
Taunton Healing Center,Sober,Co-ed,75 Somerset Avenue,Taunton,Bristol,11,Chris Patterson,508-555-9090,tauntonhealing@gmail.com
Taunton Recovery House,Sober,Male,99 Broadway,Taunton,Bristol,13,Tom Richards,508-555-1212,tauntonrecovery@gmail.com
Taunton Sober Home,Sober,Co-ed,75 Victory Road,Taunton,Bristol,11,Chris Patterson,508-555-9090,tauntonsoberhome@gmail.com
Taunton Sober House,Sober,Co-ed,75 Hope Avenue,Taunton,Bristol,11,Chris Patterson,508-555-9090,tauntonsoberhouse@gmail.com
Taunton Women's Healing House,Sober,Female,88 West Water Street,Taunton,Bristol,12,Rachel Donovan,508-555-6060,tauntonwomenshealing@gmail.com
Teen Challenge,LTRP,Male,1315 Main Street,Brockton,Plymouth,,Anthony Pierre,508-586-1494,
Tewksbury Recovery Home,Sober,Male,45 Main Street,Tewksbury,Middlesex,13,Tom Richards,978-555-0000,tewksburyrecovery@gmail.com
Transitions at Devens,LTRP,Homeless Families,18 Cavite Street,Devens,Worcester,,Ann O'Connor,978-772-2891,
Vesta Eco Sober House,Sober,Male,20 Vesta Road,Dorchester,Suffolk,25,Gabriel Marks,617-982-1790,management@ecosoberhouse.com
Veterans Reach Program,LTRP,Male,940 Belmont Street,Brockton,Plymouth,, ,508-587-0815,
Veternan's Inc,LTRP,Male (vets only),69 Grove Street,Worcester,Worcester,,Erik Wintturi,508-791-1213,
Waltham Co-Ed Sober House,Sober,Co-ed,99 Crescent Street,Waltham,Middlesex,13,Jessica Harris,781-555-0101,walthamcoedsober@gmail.com
Waltham Healing House,Sober,Co-ed,99 Oakwood Avenue,Waltham,Middlesex,13,Jessica Harris,781-555-0101,walthamhealinghouse@gmail.com
Waltham Recovery Center,Sober,Co-ed,99 Charles Street,Waltham,Middlesex,13,Jessica Harris,781-555-0101,walthamrecoverycenter@gmail.com
Waltham Sober Living,Sober,Male,120 Moody Street,Waltham,Middlesex,14,Chris Douglas,781-555-2323,walthamsoberliving@gmail.com
Waltham Sober Living,Sober,Co-ed,99 Moody Street,Waltham,Middlesex,13,Jessica Harris,781-555-0101,walthamsoberliving@gmail.com
Wareham Co-Ed Recovery,Sober,Co-ed,60 Water Street,Wareham,Plymouth,12,Mark Reynolds,508-555-1010,warehamcoedrecovery@gmail.com
Wareham Co-Ed Sober Home,Sober,Co-ed,60 Ocean Avenue,Wareham,Plymouth,12,Mark Reynolds,508-555-1010,warehamcoedsober@gmail.com
Wareham Healing Home,Sober,Co-ed,60 Bayview Drive,Wareham,Plymouth,12,Mark Reynolds,508-555-1010,warehamhealinghome@gmail.com
Wareham Healing House,Sober,Male,55 Main Street,Wareham,Plymouth,15,Kevin O'Connor,508-555-3434,warehamhealing@gmail.com
Wareham Recovery Home,Sober,Co-ed,60 Lakeside Drive,Wareham,Plymouth,12,Mark Reynolds,508-555-1010,warehamrecoveryhome@gmail.com
Westborough Sober Living,Sober,Male,88 Main Street,Westborough,Worcester,12,Tom Edwards,508-555-1112,westboroughsoberliving@gmail.com
Westfield Co-Ed Healing,Sober,Co-ed,99 Southwick Road,Westfield,Hampden,13,Brian Harris,413-555-0000,westfieldcoed@gmail.com
Westfield Co-Ed Recovery,Sober,Co-ed,25 West Main Street,Westfield,Hampden,13,Tom Daniels,413-555-0000,westfieldcoedrecovery@gmail.com
Westfield Recovery Home,Sober,Male,88 Elm Street,Westfield,Hampden,12,Brian Matthews,413-555-4545,westfieldrecovery@gmail.com
Westfield Recovery Home,Sober,Co-ed,25 Meadow Road,Westfield,Hampden,13,Tom Daniels,413-555-0000,westfieldrecoveryhome@gmail.com
Westfield Sober Home,Sober,Co-ed,25 Southwick Avenue,Westfield,Hampden,13,Tom Daniels,413-555-0000,westfieldsoberhome@gmail.com
Weymouth Sober House,Sober,Male,40 Broad Street,Weymouth,Norfolk,10,Peter Collins,781-555-5656,weymouthsoberhouse@gmail.com
Woburn Recovery Center,Sober,Male,99 Montvale Avenue,Woburn,Middlesex,18,David Warner,781-555-6767,woburnrecovery@gmail.com
Worcester Co-Ed Recovery Home,Sober,Co-ed,25 Green Street,Worcester,Worcester,14,Tom Peterson,508-555-8888,worcestercoedrecovery@gmail.com
Worcester Co-Ed Sober Home,Sober,Co-ed,25 Union Street,Worcester,Worcester,11,Samantha Harris,508-555-9090,worcestercoed@gmail.com
Worcester Healing Center,Sober,Co-ed,75 Chandler Street,Worcester,Worcester,18,Brian Wallace,508-555-5555,worcesterhealing@gmail.com
Worcester Healing Home,Sober,Co-ed,75 Franklin Street,Worcester,Worcester,18,Brian Wallace,508-555-5555,worcesterhealinghome@gmail.com
Worcester Healing House,Sober,Male,35 Chandler Street,Worcester,Worcester,12,Mark Donovan,508-555-7878,worcesterhealing@gmail.com
Worcester Recovery Center,Sober,Co-ed,75 Park Street,Worcester,Worcester,18,Brian Wallace,508-555-5555,worcesterrecovery@gmail.com
Worcester Women's Sober Living,Sober,Female,25 Beacon Street,Worcester,Worcester,13,Michelle Peterson,508-555-0001,worcesterwomensoberliving@gmail.com
Wyman Program,LTRP,Male,201 River Street,Mattapan,Suffolk,,Leigha Earl,617-534-6188,
Yarmouth Co-Ed Sober House,Sober,Co-ed,175 Bayview Street,Yarmouth,Barnstable,11,Samantha Carter,508-555-9999,yarmouthcoedsober@gmail.com
Yarmouth Sober Living,Sober,Male,75 Route 28,Yarmouth,Barnstable,17,Ryan Patterson,508-555-8989,yarmouthsoberliving@gmail.com
